,predict_prob
0,0.012000345323294812
1,0.007088675513731553
2,0.0005834252876671134
3,0.012399790049631099
4,0.03837501264052997
5,0.030948041943884973
6,0.0006357018620966363
7,0.03946039023876925
8,0.000658467118261206
9,0.036707553802081364
10,0.021024534704825362
11,0.11494632104327204
12,0.04117640532827196
13,0.0006357018620966363
14,0.0006357018620966363
15,0.03957753467415917
16,0.040125325256670216
17,0.000658467118261206
18,0.03957796047299073
19,0.0006802214557817981
20,0.037999451368978115
21,0.04817255749723256
22,0.6221352590875446
23,0.0002522242272023266
24,0.011604810679636044
25,0.008807912129638317
26,0.9766504215098921
27,0.8250160755095497
28,0.008836534498052696
29,0.6788303760047659
30,0.649286679172419
31,0.016611567489859962
32,0.011808557073659905
33,0.0002522242272023266
34,0.03577982370212561
35,0.01270573671567908
36,0.020202462501547613
37,0.025769216110176286
38,0.8269964005869326
39,0.011552223459457535
40,0.004377717342063027
41,0.011439388881530855
42,0.01987184621379249
43,0.009613068178819418
44,0.0002522242272023266
45,0.01414391879686623
46,0.011900940312365323
47,0.008926945928997614
48,0.013692628415174893
49,0.011548143646526352
50,0.023351787152181024
51,0.01168499197257552
52,0.011148905618601955
53,0.004319762215446862
54,0.013930933764796103
55,0.01588698916613933
56,0.026378221146490088
57,0.03383307134180417
58,0.011591737640826816
59,0.010257041878940977
60,0.014762615542861266
61,0.023485390979699438
62,0.007986239629225202
63,0.010990727171409729
64,0.011243917278855785
65,0.37792773816438646
66,0.013065814140319683
67,0.011039489648587619
68,0.004103456904457238
69,0.00023249905444259773
70,0.0210160785104693
71,0.011376156709738471
72,0.01061767922591012
73,0.0017538647244010046
74,0.009478792293433593
75,0.011738615208209777
76,0.010007299689596684
77,0.011155647083986102
78,0.0002522242272023266
79,0.0044766900873726015
80,0.012689231662181197
81,0.760847257324958
82,0.006643286221037271
83,0.010332740583358806
84,0.011849664896113202
85,0.8722175030079566
86,0.011742088742137618
87,0.7819847599246158
88,0.011922189824797048
89,0.010997945065060554
90,0.00881758874182314
91,0.01827507025434234
92,0.004085785748112421
93,0.010862310896924228
94,0.010708367147652678
95,0.06022946372653526
96,0.011453957158002754
97,0.031481986692851495
98,0.0016760875047091206
99,0.02385286459985692
100,0.0004475027742406657
101,0.014860691791954808
102,0.011508409423226233
103,0.2165438341716203
104,0.0004475027742406657
105,0.009879219934594393
106,0.7035007950868839
107,0.01368818288002865
108,0.42376210760990596
109,0.6681368936138471
110,0.6918663966836186
111,0.004474668318525375
112,0.0002522242272023266
113,0.011244842418045688
114,0.5156104991133872
115,0.00012690106061798205
116,0.011235813813808627
117,0.014201128756436168
118,0.9259442698649867
119,0.01144985525000227
120,0.018081268327475246
121,0.010540167237328944
122,0.004466590328805383
123,0.018221212366595404
124,0.6988178661596374
125,0.013481384861389556
126,0.04504166844872473
127,0.013799022380987552
128,0.01552506383895534
129,0.01987434594238877
130,0.03405469790114254
131,0.008747694918594411
132,0.011682169827713848
133,0.01141043237241831
134,0.012435029591645165
135,0.013423270092275378
136,0.011909027428080565
137,0.010991973351696464
138,0.011771949549347658
139,0.011440668385573848
140,0.0002522242272023266
141,0.0002522242272023266
142,0.3744895057754368
143,0.7514250742555837
144,0.018923396453805696
145,0.008787825563336255
146,0.01085984746120752
147,0.8857030507843547
148,0.8975250799359138
149,0.020164833053105524
150,0.013756939584242118
151,0.8498807276979065
152,0.010445424943558827
153,0.009728879303937562
154,0.013153483498550174
155,0.0049114357969954085
156,0.8661285286241728
157,0.0112411230913027
158,0.010497519841647667
159,0.014954395801875573
160,0.0002267633871486864
161,0.019532181907187644
162,0.04448083076557728
163,0.0002522242272023266
164,0.013456529731732949
165,0.022628912866063427
166,0.011188239500304864
167,0.010716819807751703
168,0.010931714002332258
169,0.03542273265816977
170,0.02282288104110971
171,0.028961815471607543
172,0.01173912156607024
173,0.011535980736618906
174,0.00648234891289477
175,0.0023877222308547686
176,0.015564073916729216
177,0.013117436408710544
178,0.011036822648581277
179,0.01224411273068859
180,0.08766337024057631
181,0.020843977889392167
182,0.011244776566748996
183,0.0036668398122061407
184,0.0010355433413704815
185,0.008757254620937745
186,0.01598877730635748
187,0.0007741281154780443
188,0.014346140714027495
189,0.02004745282772735
190,0.012425747484668861
191,0.8434298938891382
192,0.0002522242272023266
193,0.04596039840202528
194,0.0002522242272023266
195,0.020941435293458977
196,0.011183972587551676
197,0.09652692833048342
198,0.6820089862694535
199,0.018866380651861366
200,0.0002522242272023266
201,0.3247606948800124
202,0.0002522242272023266
203,0.011026483964711075
204,0.01440329889439942
205,0.011724475629259495
206,0.014011197810873953
207,0.9297114675288187
208,0.017190041981384175
209,0.00023249905444259773
210,0.011110767926289445
211,0.012990860587103211
212,0.010958910990372136
213,0.5480691367922602
214,0.017854834095228776
215,0.0002522242272023266
216,0.014758985396758397
217,0.014870543319701649
218,0.0013882597557472271
219,0.5569260109019957
220,0.12576254704567033
221,0.5998785519833638
222,0.0002522242272023266
223,0.01574341113756565
224,0.00023249905444259773
225,0.017031239990501254
226,0.01505062441373632
227,0.012275850419013879
228,0.010823646318209586
229,0.014526009939974372
230,0.45947861603039775
231,0.019155553338323115
232,0.012213913965179197
233,0.01151576643932313
234,0.010547754849783118
235,0.011601425080162727
236,0.012220085716283809
237,0.869939665739993
238,0.011845004905542003
239,0.018630417955698475
240,0.010954276540503542
241,0.020722051793908475
242,0.013772326696107487
243,0.004372506329812505
244,0.021104220923241143
245,0.010019266897200412
246,0.021079256092900532
247,0.0020559255945003644
248,0.012901548105949467
249,0.011308350203564443
250,0.014769674117341192
251,0.0258543011251933
252,0.029731891627634385
253,0.009985495132570701
254,0.01618440216000635
255,0.019641523088129356
256,0.02960522136875057
257,0.004455842254388246
258,0.012253947456598729
259,0.017992087404109534
260,0.0017549932075644622
261,0.011183004465108228
262,0.011813432436103229
263,0.010273528724110503
264,0.5582041331075881
265,0.022048222600918137
266,0.012977387198278987
267,0.00730994473846551
268,0.009443938985036896
269,0.08041508479630984
270,0.014803164600513775
271,0.02158464873223385
272,0.011801592602343525
273,0.0004475027742406657
274,0.016220495808207783
275,0.01737378069521843
276,0.011052994115078792
277,0.035680520761808956
278,0.04969849912795661
279,0.010931216791888724
280,0.011803962271497862
281,0.0002522242272023266
282,0.020596340691775697
283,0.008974401295404397
284,0.010955751590410054
285,0.030707012480911185
286,0.021418916546210826
287,0.017287453356882844
288,0.01816201382131772
289,0.01171646090964929
290,0.015699474722987612
291,0.02709460521738844
292,0.8856670367161869
293,0.013428796490634052
294,0.028227075640918656
295,0.03272852576961074
296,0.011508296812741533
297,0.010810321370174517
298,0.014730063520905527
299,0.9664285173174427
300,0.011369147473076931
301,0.00747752068430564
302,0.015845861480816816
303,0.024582177949886364
304,0.009718771124082926
305,0.011265595469013562
306,0.00070722446566367
307,0.6897215841355636
308,0.003065128134492559
309,0.019634044257770218
310,0.8052980531977025
311,0.04839951743540915
312,0.0001229180576070423
313,0.007451232888210865
314,0.008460756186994314
315,0.008628361110611578
316,0.006818512688570528
317,0.005409667230708976
318,0.008925966307696502
319,0.9173260214520647
320,0.14252685493024048
321,0.0006479637239485221
322,0.006852428780699958
323,0.0013973519012806291
324,0.009273389596536476
325,0.4110973928296543
326,0.0001229180576070423
327,0.0716834918056593
328,0.04832138787906845
329,0.06683140887970032
330,0.009153471223097842
331,0.1036239970614495
332,0.005205260523295977
333,0.012646127024138568
334,0.006961008010957546
335,0.006039819710761564
336,0.05886073446266098
337,0.006554745995479934
338,0.007186392525382548
339,0.01499475398118783
340,0.013798151691592797
341,0.04611009734918792
342,0.003801902111230639
343,0.004238569773214292
344,0.00011848874270281671
345,0.27829185227506786
346,0.052208967559957735
347,0.4198342948955746
348,0.00681007335682042
349,0.00010922881883619102
350,0.007549330408370758
351,0.0001229180576070423
352,0.00833585385349087
353,0.018949538192866534
354,0.007292409251946257
355,0.1037793272055063
356,0.008493457517722847
357,0.025106744988464654
358,0.006651901338367952
359,0.0001229180576070423
360,0.006161953126039728
361,0.004858896825675783
362,0.013943282659992022
363,0.046383968091766044
364,0.00021021333734247194
365,0.004066427506274359
366,0.109732584071989
367,0.006627305194819484
368,0.01907113679451356
369,0.0012481239895758365
370,0.00622751686250435
371,0.007636998611549272
372,0.18998174608023424
373,0.007565921626352078
374,0.005797324700102368
375,0.005091506880977175
376,0.007358807113402641
377,0.010248231718014282
378,0.00703845284652937
379,0.008790804989870888
380,0.0023365451001339135
381,0.006734431898519053
382,0.00682245706462983
383,0.004958387765437678
384,0.007358232325868557
385,0.007172708658839777
386,0.007383527987402467
387,0.0020464657801905315
388,0.005437301218464542
389,0.006158839056083789
390,0.6501137936513492
391,0.01396276998270306
392,0.007434142073096106
393,0.010163585744731788
394,0.0005355242049838923
395,0.11499074219315832
396,0.007108192160315497
397,0.006564259980650664
398,0.00025598958707413375
399,0.4246350127982282
400,0.00011848874270281671
401,0.007738840867395988
402,0.005566218187267782
403,0.006061862649187988
404,0.5663452181876892
405,0.008552380728703563
406,0.003724280347194297
407,0.006478221552914329
408,0.0005280863572016685
409,0.00035662046933949835
410,0.003048090312776435
411,0.006621243686481079
412,0.05948237881457193
413,0.005434113156715752
414,0.6590273733017998
415,0.0010162706708744013
416,0.009349784311185308
417,0.43903304733218823
418,0.00765213117608804
419,0.011440266055040392
420,0.9071464148252061
421,0.009839294341677175
422,0.003568745696229336
423,0.005728553284629168
424,0.009249799472559469
425,0.0063055848624971
426,0.0061072589708394825
427,0.007763831561948671
428,0.006132788577835626
429,0.6457830778289584
430,0.006064422313025517
431,0.0030774634734825404
432,0.00834994207989481
433,0.01323305891729161
434,0.006658264466047562
435,0.0016805416538179304
436,0.0001229180576070423
437,0.6376142945916181
438,0.007026792205752809
439,0.0056419792446712625
440,0.00626400961617453
441,0.0001229180576070423
442,0.005620564301349134
443,0.006852111474655741
444,0.00901573781582285
445,0.6595839748907603
446,0.00614640531153687
447,0.005599925325734388
448,0.00884218027174665
449,0.4253363212410974
450,0.008037277297751227
451,0.014057317389733183
452,0.30543544816503626
453,0.08307443480322474
454,0.004639411527295513
455,0.9147185831721437
456,0.00010514178520682987
457,0.018236100577117456
458,0.006682646114436999
459,0.005140007174298995
460,0.00016491456575620228
461,0.006248862215672473
462,0.007882398030061678
463,0.004913464238799348
464,0.007311379205737669
465,0.49296288843096764
466,0.002324911950547592
467,0.006863602563721272
468,0.007075946437400612
469,0.4073172449755514
470,0.003946581547483736
471,0.006677340180127554
472,0.4352311774653292
473,0.002324911950547592
474,0.04711554264653133
475,0.0047159623996420345
476,0.01207810283896406
477,0.013830768400149646
478,0.012827442415490437
479,0.0001834388171004657
480,0.5395455197983431
481,0.007263768057814705
482,0.0003258203534911872
483,0.5607687666945808
484,0.10581809216807302
485,0.00661389442458298
486,0.006395519201137933
487,0.007542785860674247
488,0.12164660565915873
489,0.007024348967201313
490,0.016146238499575277
491,0.623180747011067
492,0.619549816543143
493,0.0061423533642734
494,0.005025946091519444
495,0.00567164725957386
496,0.006691826455252853
497,0.0070458628024943695
498,0.004544011719254143
499,0.009086482893629117
500,0.0075356873040971625
501,0.008922929985792236
502,0.007204827409825868
503,0.012481255667800924
504,0.008734971211899145
505,0.00686297747740571
506,0.12449686984139918
507,0.007333069603682174
508,0.007451990139931804
509,0.007096468103256566
510,0.0921527046956065
511,0.006835288171368764
512,0.6420711162651652
513,0.03699530024569467
514,0.0066017874998375164
515,0.010506555597306186
516,0.02183115896058802
517,0.013306072911547298
518,0.004169390847015269
519,0.007848049495449498
520,0.0023142890469239003
521,0.002409635896000768
522,0.4960898284534979
523,0.0013128936234168252
524,0.0037861250152596082
525,0.0001229180576070423
526,0.006971863933631979
527,0.007097323208314598
528,0.9353520980455959
529,0.0032252034469818992
530,0.9883687623877364
531,0.006257671900593439
532,0.7305948856915108
533,0.7545590598858781
534,0.004781117993017494
535,0.13685387657242823
536,0.006944063812612974
537,0.005841422120762469
538,0.0032648717479003718
539,0.001982978712927464
540,0.0032318857945817293
541,0.01194090201999874
542,0.006760779043093057
543,0.0001229180576070423
544,0.008500934619923923
545,0.8433771591361158
546,0.00754167851664127
547,0.0062023626059305986
548,0.006784549987483117
549,0.006654985461919147
550,0.649098545637906
551,0.7994762532108942
552,0.007372665247734592
553,0.011630782555809242
554,0.008741960508548452
555,0.0001229180576070423
556,0.008248070612806186
557,0.006106764435070985
558,0.0025542999308058928
559,0.0006664998441467454
560,0.34660477861061517
561,0.006203838223836138
562,0.0008708370220557595
563,0.07304260658810284
564,0.008051521695059682
565,0.1208471204985675
566,0.00625355236457563
567,0.009189683810139805
568,0.0035054576100759607
569,0.00720672261776899
570,0.006084793591615757
571,0.006829636582856073
572,0.005934529086287062
573,0.010689646687095152
574,0.6926288043129083
575,0.006247499742115175
576,0.003461793125528454
577,0.0039727963204944025
578,0.010294999567694639
579,0.0065568513125114644
580,0.006849899152804442
581,0.015246150416729498
582,0.426045321979203
583,0.7414623018019243
584,0.007186047696334264
585,0.006037857251006533
586,0.006692967460191889
587,0.005695620778934348
588,0.0023306521108806093
589,0.555842172196229
590,0.00019833155184133166
591,0.00654747480973171
592,0.0019058770706732128
593,0.6834873125274542
594,0.008582089273442227
595,0.0698675287058458
596,0.002711405362193471
597,0.003954814117796662
598,0.0066175889675807445
599,0.013891537244378038
600,0.0074038244482705125
601,0.0018831406754965534
602,0.01616107444676821
603,0.011244705389427297
604,0.007110238851436623
605,0.002333938548467729
606,0.0001229180576070423
607,0.0001229180576070423
608,0.007131239764161053
609,0.007110952384717969
610,0.0028065013348888366
611,0.005990799036021276
612,0.006208238240055039
613,0.006854670448598593
614,0.0080407082771412
615,0.015352290424462105
616,0.8523314743613046
617,0.006472387710480859
618,0.007673709713194781
619,0.006307616264143136
620,0.005123238884876624
621,0.5260535445922814
622,0.08829832815968042
623,0.006861676821627139
624,0.006723941329951367
625,0.7874134333727741
626,0.007446638781959557
627,0.10132098314858395
628,0.24932013359907185
629,0.002662060075568111
630,0.009445536889608181
631,0.007236329822519949
632,0.009147982982318047
633,0.01620377575248215
634,0.014748568186937074
635,0.007780373225483394
636,0.033799056396559876
637,0.006208279013687417
638,0.005917352359593512
639,0.0021815395042419157
640,0.006989190976162882
641,0.0042121657856703885
642,0.0009743222686172428
643,0.0035185370041835905
644,0.3288014856468076
645,0.0008006953089022713
646,0.18619353977961386
647,0.00034436656930897884
648,0.11332480756438164
649,0.007139715753920615
650,0.8329528869915545
651,0.5223611962014603
652,0.5041104329236789
653,0.0022417192226478876
654,0.007032440161670404
655,0.00011848874270281671
656,0.00039396812590754374
657,0.007098719883578205
658,0.005164357953150352
659,0.19599866596116575
660,0.1720352473067115
661,0.8825034512875265
662,0.004201315421673857
663,0.012971268072879221
664,0.17725707842960986
665,0.011881390126998896
666,0.6031397554038804
667,0.007035994512661775
668,0.0036184490162639435
669,0.007456782829401376
670,0.007088442596725279
671,0.7021340626377295
672,0.006464704996666037
673,0.012518062593605855
674,0.01557802548884138
675,0.00592644803653218
676,0.21148337287749763
677,0.009975593438818847
678,0.00694913446593403
679,0.004648799533112027
680,0.7564437936983889
681,0.0001229180576070423
682,0.7262661641965806
683,0.006168535147446485
684,0.014055590032144218
685,0.006521521126757526
686,0.05761407673163051
687,0.003988757489200334
688,0.7229110253719945
689,0.0053390492522789905
690,0.7960825915503864
691,0.0039285936374997815
692,0.006203007110857937
693,0.014324461522747009
694,0.09767878699018738
695,0.008242990167820772
696,0.15466513044206867
697,0.0058747637654288885
698,0.006824387408620794
699,0.0016501851921468121
700,0.12535538988439696
701,0.0008884545812773095
702,0.0070905431644376175
703,0.044849838831293336
704,0.699506679169264
705,0.0030687907046383915
706,0.007051506660952197
707,0.0055153248012302395
708,0.006325860796426951
709,0.007129373976023523
710,0.008327637577615123
711,0.007644081315593965
712,0.0058041082213936765
713,0.009142822511371456
714,0.0054276518712113465
715,0.01042550120067787
716,0.008541950712233825
717,0.002387132812279088
718,0.002468799228029876
719,0.00032454829094384033
720,0.0006730271556658815
721,0.0058515455472979054
722,0.5173900367808697
723,0.00539885317086989
724,0.518638676576348
725,0.013108614787591613
726,0.007639201321063599
727,0.004360883619511463
728,0.00663122236289399
729,0.006589760655314296
730,0.018321055032105137
731,0.007259077335976031
732,0.0018464914388489776
733,0.007404913954029884
734,0.007452759557688565
735,0.005022033212988156
736,0.008303714198087184
737,0.007282158348196053
738,0.006213190060378908
739,0.0001229180576070423
740,0.767359384966203
741,0.00012690106061798205
742,0.0060197757690201616
743,0.3355144496041563
744,0.008393276254598073
745,0.005283214569231933
746,0.007288166837862282
747,0.40793921654619597
748,0.018045573774451998
749,0.019317549722175545
750,0.12086993069405022
751,0.007610419681593835
752,0.006282254070914574
753,0.00021021333734247194
754,0.009957759078862356
755,0.38374450879578215
756,0.3947650336678706
757,0.1574705426533966
758,0.006813150132927423
759,0.008104339120130285
760,0.0067372112345650366
761,0.007431585472971736
762,0.0038288404294947397
763,0.006843816281875979
764,0.0001229180576070423
765,0.007603572987502729
766,0.007074873033594746
767,0.02089315550417126
768,0.0001229180576070423
769,0.007699777589263913
770,0.009032362925790054
771,0.00010922881883619102
772,0.01065220897989935
773,0.8790348160346766
774,0.0020457917385534527
775,0.004304767487699426
776,0.006687373431067025
777,0.007116704150463552
778,0.013436773048412131
779,0.008833328830103241
780,0.00012690106061798205
781,0.5604368971968453
782,0.008345547382049713
783,0.46475453032432107
784,0.4390645350197474
785,0.16107670216391418
786,0.006252479462085304
787,0.5763021034363681
788,0.008249710620531462
789,0.009621802604131653
790,0.0001229180576070423
791,0.0007436610036548049
792,0.0056709104617329725
793,0.00011848874270281671
794,0.0001229180576070423
795,0.005488872937266229
796,0.001017490617464563
797,0.007606191116852158
798,0.007350865121981523
799,0.006989787788839323
800,0.010284774942402533
801,0.3623471217500086
802,0.00011848874270281671
803,0.9438413735036826
804,0.004871701314751007
805,0.11371996447735974
806,0.6674169610373588
807,0.4941785627600893
808,0.006208279013687417
809,0.006878579578261209
810,0.4949494833366315
811,0.004005040407126598
812,0.007960631166300022
813,0.007246865588749461
814,0.027963417400361294
815,0.06596497626434927
816,0.9235797800148107
817,0.025372244418352598
818,0.1807465112344295
819,0.08050547028634769
820,0.056162587193164054
821,0.07377086448838874
822,0.2869722450283752
823,0.3953055060912384
824,0.5883516248421128
825,0.06505052529018483
826,0.03581321538173742
827,0.9110663887570969
828,0.0011358078046677452
829,0.06786009638063743
830,0.06792853522629112
831,0.03830974066030369
832,0.26801056027034276
833,0.06057552637694641
834,0.06981654490176081
835,0.053652937685751724
836,0.07221221829556622
837,0.03390793499510108
838,0.12019155886998986
839,0.05605773986912521
840,0.06795752167268708
841,0.08793110518267785
842,0.09905399299166122
843,0.06862400105086063
844,0.09510952948675239
845,0.07667876385242015
846,0.034885451965120454
847,0.04315837147917659
848,0.07968998759289889
849,0.0967379291415822
850,0.07281746020447556
851,0.09016054962189629
852,0.06373179490258968
853,0.3992777534640419
854,0.026351746823911237
855,0.05350932305313372
856,0.06418241687163753
857,0.609598192265548
858,0.024205886851298895
859,0.03419937537058986
860,0.11899175015395377
861,0.035957497503976706
862,0.02673149083199494
863,0.049080267550099324
864,0.07336967895327619
865,0.03434208223507401
866,0.06761508175152152
867,0.51511775779109
868,0.060612217921588475
869,0.035533777825120495
870,0.03957445518864655
871,0.03594993679226031
872,0.03518141603256131
873,0.077453306199857
874,0.036000696706687305
875,0.1252596398423498
876,0.0630213554927784
877,0.32844060948271714
878,0.622702959790408
879,0.08752957433731046
880,0.0343983309891238
881,0.588897920540801
882,0.2618752468669034
883,0.04112659942294272
884,0.07303948587994967
885,0.015586562805930484
886,0.03439774458860419
887,0.04433652510252504
888,0.0008240077057944189
889,0.6136752070115085
890,0.13032007243956784
891,0.6616838365254052
892,0.37530039961807793
893,0.038320050726495
894,0.009506356477101432
895,0.07883897539986857
896,0.036694523186566
897,0.03365272136526218
898,0.08912000957955013
899,0.02827561343010786
900,0.45051672558353184
901,0.015709482681578246
902,0.035741598090770245
903,0.05197567343220447
904,0.705995848771757
905,0.01682588027809544
906,0.018750702907613666
907,0.19052376218599157
908,0.0831252305516947
909,0.0025348699208270443
910,0.6172376369562576
911,0.060946200708620335
912,0.5164291498764249
913,0.042605642148342164
914,0.6907849994627095
915,0.18672009127351008
916,0.04921176070379418
917,0.13064491719213817
918,0.04125240839653453
919,0.10892795773882066
920,0.06938155474420582
921,0.021927832115569333
922,0.7215785104876334
923,0.3071285191792295
924,0.47335443189809906
925,0.11028543878516182
926,0.011646814126046031
927,0.0074164349589611435
928,0.06346764809268655
929,0.06601109828485999
930,0.0024001133252618866
931,0.6009898086279738
932,0.04895447336010073
933,0.3497319997505314
934,0.09283814564857873
935,0.027625445483911857
936,0.03262671803776307
937,0.045673997576639876
938,0.06329367439523936
939,0.06487994967827727
940,0.035667078921061975
941,0.03458595280999418
942,0.028394865753968213
943,0.8367231708405372
944,0.08929302657677017
945,0.010189894001227016
946,0.14311629955633903
947,0.03738426168493644
948,0.014427502815158862
949,0.09985554730044838
950,0.04005851426602771
951,0.03906428119658323
952,0.0005805379660377272
953,0.07051826694767453
954,0.30916764928878165
955,0.04861281226081168
956,0.38553678536110036
957,0.10228479187156271
958,0.03969662494489624
959,0.02711987511626495
960,0.06559360575817577
961,0.3786533030881973
962,0.04636754343466941
963,0.05973130720187871
964,0.005188787849355689
965,0.055930125164053525
966,0.05771787206562133
967,0.028537840808396317
968,0.029808690316921883
969,0.06627019931656357
970,0.04373717598760217
971,0.03880118851843102
972,0.024360757877574638
973,0.06361748024704261
974,0.10409945587811062
975,0.09527452232160688
976,0.03484867817720861
977,0.8200468399051012
978,0.032557704145593294
979,0.07638296248075685
980,0.0013410719615237405
981,0.07124239627475831
982,0.028058948462519287
983,0.11423203730871505
984,0.21762987576563902
985,0.7847564751646046
986,0.021605835348634903
987,0.6620269006064113
988,0.03312983681786599
989,0.10322421476877332
990,0.034705589812880674
991,0.7178889404775929
992,0.03239953481803576
993,0.766631549100719
994,0.6776595271381237
995,0.030387296797096744
996,0.815254784541155
997,0.8222249606998194
998,0.8010459797052282
999,0.053014543707467984
1000,0.01477807968569577
1001,0.602104658858907
1002,0.9397226893045668
1003,0.07280290633736006
1004,0.46678392308350913
1005,0.07364645790370918
1006,0.4937382113511731
1007,0.001852249759574904
1008,0.8665118278100508
1009,0.5086125154333565
1010,0.4440624065650819
1011,0.8230182619762185
1012,0.05503040976442995
1013,0.5717747180764202
1014,0.0357721085179443
1015,0.04975992462052641
1016,0.27176721847149066
1017,0.08338627930746309
1018,0.06740852330570851
1019,0.49690454212463364
1020,0.8896615593686811
1021,0.03686259228951434
1022,0.0331311596717296
1023,0.03444441060164512
1024,0.07599692579172276
1025,0.0640520350874727
1026,0.45364834772041124
1027,0.05679286049933193
1028,0.058117919587927315
1029,0.04950458594048984
1030,0.9398573527090144
1031,0.9909744028322816
1032,0.053586388693753415
1033,0.041618043519227044
1034,0.027930081318530288
1035,0.07381975398384304
1036,0.0576367974258521
1037,0.04123192706702393
1038,0.035428500235605134
1039,0.006842805951112107
1040,0.9540719547598061
1041,0.1326270131874311
1042,0.09451408328131519
1043,0.1722219587905525
1044,0.03694980731311678
1045,0.030106082248189534
1046,0.5861240070523795
1047,0.08570097918684612
1048,0.0464245347256327
1049,0.015451965327575421
1050,0.02970753841606457
1051,0.14935469618497443
1052,0.7862231345831533
1053,0.8162806713740974
1054,0.12811515721905384
1055,0.037152981816612245
1056,0.03809337829084376
1057,0.1140192116256446
1058,0.03557492498062705
1059,0.029849960956692408
1060,0.09904395903516233
1061,0.9598555966683169
1062,0.00131844274380415
1063,0.23978895179412846
1064,0.0636031688161363
1065,0.03549411214977065
1066,0.5076042550153627
1067,0.9399722129140382
1068,0.05250703129332428
1069,0.05825267411787443
1070,0.05018307703667489
1071,0.054267390532603065
1072,0.707321446816865
1073,0.060703829707266524
1074,0.03550740843583484
1075,0.034965378783029064
1076,0.05391950715572429
1077,0.9285221493329532
1078,0.8581700871348492
1079,0.06309530310206676
1080,0.16545172452894505
1081,0.09144514275390697
1082,0.08147204337199336
1083,0.0869314211055781
1084,0.7276382321975831
1085,0.05274868376718345
1086,0.0008488838995443173
1087,0.045243933325716704
1088,0.08060831416443638
1089,0.07349351509090632
1090,0.7215586656948163
1091,0.5439583242739415
1092,0.8413806762232782
1093,0.031079574709817297
1094,0.16419898636656002
1095,0.03281032288169376
1096,0.19253056700224377
1097,0.0625798071430112
1098,0.0833581227523569
1099,0.07678759570728096
1100,0.9028898502201717
1101,0.0690590430854647
1102,0.05264464915897393
1103,0.37280865745705155
1104,0.0395629136333246
1105,0.035104869773995726
1106,0.042062199983193854
1107,0.016384895445060447
1108,0.027700849179180455
1109,0.03573211705888199
1110,0.06464628238671066
1111,0.6197376598825286
1112,0.03585784248761905
1113,0.08707807848748127
1114,0.0683526586537089
1115,0.049124122759192826
1116,0.020438572065227152
1117,0.01626347193191483
1118,0.05098923885055355
1119,0.034469360379343617
1120,0.04091285789202083
1121,0.09280494444682456
1122,0.09252467775661033
1123,0.7065541556982108
1124,0.046052748600816484
1125,0.33411963929549354
1126,0.03462276013702743
1127,0.02739592327617873
1128,0.04198248649328117
1129,0.04667950218195506
1130,0.6971026224114394
1131,0.8636778142406317
1132,0.033918747441560745
1133,0.605215312576502
1134,0.12089112726219342
1135,0.0409283448699752
1136,0.12035785185225896
1137,0.0005805379660377272
1138,0.95146614637408
1139,0.07073049231162692
1140,0.05436597139124036
1141,0.0802505691381354
1142,0.04828776042845871
1143,0.07242027177163765
1144,0.3931455612171318
1145,0.08890033528359714
1146,0.03546058676970731
1147,0.472943793310901
1148,0.5955897245209272
1149,0.02911651094894442
1150,0.42667089037969963
1151,0.7194658512714455
1152,0.0748496608022109
1153,0.4569064510231518
1154,0.1347445817532935
1155,0.032016279829135706
1156,0.08438180582494721
1157,0.08989572665933405
1158,0.013291033344722994
1159,0.0553902226899098
1160,0.043899570511360377
1161,0.024048866858659316
1162,0.07467198635864172
1163,0.08559083210008978
1164,0.7173042288490407
1165,0.05555478319079084
1166,0.0013823751582552378
1167,0.034041548437247604
1168,0.7287668855181203
1169,0.039668643747911625
1170,0.5727721574843919
1171,0.04686011978294253
1172,0.5904907254176617
1173,0.06361242203491327
1174,0.07390193234050643
1175,0.06428443031750257
1176,0.6917950185590381
1177,0.2589995463550515
1178,0.034154266027143214
1179,0.014119965362999164
1180,0.046996838127886686
1181,0.05385080428003444
1182,0.10238528099165194
1183,0.9540429712725473
1184,0.010136547144925158
1185,0.0811936297601924
1186,0.8189652905532432
1187,0.048797246414929996
1188,0.11224622466841457
1189,0.0626479510728589
1190,0.07406774217525602
1191,0.031092781926213856
1192,0.054997613894494146
1193,0.07643448351081523
1194,0.001296523512970763
1195,0.07889948205358505
1196,0.11051755687966558
1197,0.00030229445154633715
1198,0.05654303684772161
1199,0.07747960888481374
1200,0.07299905063599636
1201,0.8685175213492994
1202,0.0034290915814904786
1203,0.14298863361605546
1204,0.08361792329109863
1205,0.01069572012034426
1206,0.4300993745186383
1207,0.13445207616316926
1208,0.02772992225746729
1209,0.060961169040980624
1210,0.09050180537548229
1211,0.5064438234210777
1212,0.06956780858224447
1213,0.07242548756553928
1214,0.14665775970312073
1215,0.03351780889973088
1216,0.04073420183109944
1217,0.887095961603294
1218,0.09898345096342262
1219,0.006768154200915954
1220,0.02581451196365853
1221,0.5588930458616782
1222,0.500720780332036
1223,0.01699165794685466
1224,0.0743321857455046
1225,0.030783575984972184
1226,0.10829819745686263
1227,0.15498718470480455
1228,0.054226837630711046
1229,0.5390657819010418
1230,0.0010973625256878285
1231,0.11115428029019547
1232,0.22488774681612592
1233,0.5708497637556582
1234,0.0632236104013307
1235,0.7681012632956077
1236,0.677901764246121
1237,0.308960585299464
1238,0.22271268455924456
1239,0.025994417704150844
1240,0.031383249444083536
1241,0.001034976127874234
1242,0.11203311607299278
1243,0.145103212883501
1244,0.07057297816822251
1245,0.9028668547865369
1246,0.6772476318208762
1247,0.7635375554785825
1248,0.05966891021750387
1249,0.02051490162951646
1250,0.6527511987131611
1251,0.025463126449577194
1252,0.31178355670724817
1253,0.06056327193494467
1254,0.006785690567850852
1255,0.7462863862291602
1256,0.13508557951003294
1257,0.15913500119879875
1258,0.00661913542394487
1259,0.7385170460422402
1260,0.030519070289669208
1261,0.15413967968368936
1262,0.22249788405563772
1263,0.39145835221206354
1264,0.6882584466395376
1265,0.07141044458167628
1266,0.11015944936000205
1267,0.028456977535757415
1268,0.016579025563226223
1269,0.00030229445154633715
1270,0.33697136426239077
1271,0.0010973625256878285
1272,0.021446074864441243
1273,0.043066390711804806
1274,0.035494028140113425
1275,0.13316589100161264
1276,0.7665461097243637
1277,0.03098000810275799
1278,0.10519691739072544
1279,0.00030229445154633715
1280,0.0010973625256878285
1281,0.001034976127874234
1282,0.09587688838675766
1283,0.15077825063290182
1284,0.11112498598669206
1285,0.32807167891528344
1286,0.178359082908682
1287,0.06702321948854166
1288,0.023269158492751622
1289,0.012398916768251599
1290,0.34254035233469504
1291,0.012069823146769854
1292,0.02181341146650778
1293,0.9587207137168259
1294,0.00736074922175897
1295,0.7699046673903056
1296,0.027402016199013755
1297,0.058849761739119114
1298,0.02098323336165889
1299,0.5471553967975821
1300,0.5556604934341651
1301,0.04368710613084593
1302,0.4088293147758157
1303,0.14780874880949946
1304,0.15137600010771723
1305,0.07103986183852605
1306,0.24725263775014197
1307,0.4950913320427581
1308,0.0010973625256878285
1309,0.6901790225421454
1310,0.014984027023524835
1311,0.07620439659520989
1312,0.024560774277398334
1313,0.6498360915661724
1314,0.08632883455719564
1315,0.16650647409806565
1316,0.03117062438213704
1317,0.0010973625256878285
1318,0.15069335918975826
1319,0.06469259415278454
1320,0.2999826043105936
1321,0.595270774722106
1322,0.06090965642854031
1323,0.15110758503716745
1324,0.07195951119067484
1325,0.38738366884178327
1326,0.8382857058665754
1327,0.3764835278746122
1328,0.4988975390051562
1329,0.00030993858597233934
1330,0.0010973625256878285
1331,0.6091033401798737
1332,0.030033141686366737
1333,0.011645052570153374
1334,0.026186016106870588
1335,0.12219500758808785
1336,0.3198941051637282
1337,0.026701966286515607
1338,0.9541119157864735
1339,0.0002923360789950273
1340,0.6411696677088735
1341,0.0150775125799409
1342,0.09555111738265891
1343,0.14504388599199633
1344,0.5529926827492513
1345,0.09089402364571833
1346,0.31772311475673326
1347,0.02605314738856448
1348,0.0173607473112276
1349,0.509451385741857
1350,0.7222022401260254
1351,0.0010973625256878285
1352,0.016961513514708756
1353,0.026452864565272346
1354,0.17841981736292187
1355,0.16952410997188674
1356,0.0839979400971104
1357,0.6379062036232673
1358,0.10813579343991232
1359,0.7428746719626552
1360,0.04849417097317711
1361,0.06503583963937869
1362,0.08453396821060291
1363,0.03059521354120672
1364,0.7560635542013733
1365,0.0572508550653549
1366,0.018822647261312938
1367,0.7513493664545714
1368,0.0002923360789950273
1369,0.1384698841944688
1370,0.06784894448390154
1371,0.05994375428223001
1372,0.023488025344129734
1373,0.009572348550262377
1374,0.683248780321998
1375,0.34517179071274073
1376,0.029844371916330922
1377,0.06227115500513196
1378,0.07390609187523776
1379,0.10661400556634941
1380,0.8083998890224873
1381,0.4734280933027157
1382,0.18552586277116004
1383,0.07911433032247733
1384,0.08873789012081201
1385,0.6563014213873116
1386,0.9507432298874612
1387,0.06123703695356054
1388,0.26242720896189914
1389,0.10577048639082069
1390,0.1136923906769811
1391,0.019742959738823174
1392,0.5600324059069813
1393,0.141682741773252
1394,0.024189513108167544
1395,0.3199914700682305
1396,0.7522204899817461
1397,0.02106089799273172
1398,0.5497658972001361
1399,0.4613841878431782
1400,0.3625195511106907
1401,0.06536887071643457
1402,0.024963014384854404
1403,0.11370352889382003
1404,0.22332861018665381
1405,0.881654633010117
1406,0.023494898000594046
1407,0.365598442577249
1408,0.08764150037252016
1409,0.02262961989210764
1410,0.02571208864118613
1411,0.0817686064083268
1412,0.0704566314932426
1413,0.046988200303268675
1414,0.020946525692253255
1415,0.07059649210749934
1416,0.10623932933502538
1417,0.023797546979505747
1418,0.0010973625256878285
1419,0.0027991250374204122
1420,0.6963266271568893
1421,0.08176467502631195
1422,0.0002674864344259079
1423,0.057307210043947676
1424,0.6982890609196344
1425,0.07504041140524638
1426,0.1117699063263839
1427,0.7200214800874167
1428,0.08611578570692106
1429,0.058791199072259014
1430,0.16455620304579616
1431,0.022203094085316687
1432,0.14563493654882093
1433,0.13796110578523385
1434,0.08145101749042001
1435,0.04546842109697373
1436,0.14450563940165798
1437,0.08508541150399347
1438,0.05151240941601413
1439,0.09407530673692041
1440,0.7794304705315678
1441,0.5332948756277051
1442,0.09613035754837902
1443,0.8657466233903953
1444,0.07956705192964998
1445,0.5073987385954445
1446,0.5298997565709254
1447,0.05281040704947553
1448,0.1491889487251357
1449,0.07017939945230926
1450,0.11691544323359493
1451,0.09151162556338642
1452,0.7759823358631828
1453,0.053961905378391045
1454,0.07178442278177685
1455,0.021568502084527905
1456,0.1322672779034335
1457,0.023398215045200812
1458,0.04900111292512951
1459,0.2172384059459567
1460,0.2014608910762184
1461,0.029084258021656116
1462,0.4228510725297393
1463,0.00030229445154633715
1464,0.07033706493887538
1465,0.028726228722017445
1466,0.03140917258077165
1467,0.02556219309731871
1468,0.09798817763664766
1469,0.008506775575886213
1470,0.32178638824110195
1471,0.0432137674757009
1472,0.00030229445154633715
1473,0.6241559301733746
1474,0.23102599276579838
1475,0.02716895406187805
1476,0.11862264727894195
1477,0.04192133075202223
1478,0.1210098962613985
1479,0.6949890623586763
1480,0.005842057644917007
1481,0.035224188456376856
1482,0.018468956647072175
1483,0.0006315312136061502
1484,0.0010973625256878285
1485,0.0010973625256878285
1486,0.4181348495618795
1487,0.05953043308702673
1488,0.0011358078046677452
1489,0.203538694152937
1490,0.5607606711696264
1491,0.0005497886952488653
1492,0.08549405967500663
1493,0.08564082849878772
1494,0.07591835588241821
1495,0.1054577758806642
1496,0.006492221169317594
1497,0.5742530793273866
1498,0.028369720036103375
1499,0.4368264055533481
1500,0.0567293515259963
1501,0.38108988295124574
1502,0.0010725508481623485
1503,0.024866992518812314
1504,0.024769762374920557
1505,0.030625345642527696
1506,0.07869362699980115
1507,0.07682242411045405
1508,0.025508487513403226
1509,0.6344440635908535
1510,0.384001652390055
1511,0.1260531420440961
1512,0.27257178356845385
1513,0.0010973625256878285
1514,0.10705686425527583
1515,0.37875347454190955
1516,0.2413206099741543
1517,0.24872166427804548
1518,0.11777458684117163
1519,0.05962982368600304
1520,0.9321994860747822
1521,0.005084340038917954
1522,0.13252551376844557
1523,0.29145579018696366
1524,0.07290369416836652
1525,0.10294607410550649
1526,0.07601632219080855
1527,0.06681399651828325
1528,0.09961467354859152
1529,0.5685971717741434
1530,0.22469264592334587
1531,0.7353513479273787
1532,0.4237543991969574
1533,0.865154562843111
1534,0.0012234309484529065
1535,0.02621885450645991
1536,0.02661011637318289
1537,0.16880705643443614
1538,0.06232016525190788
1539,0.0763353799599198
1540,0.2655025472257492
1541,0.05744202041405634
1542,0.40741448365008526
1543,0.17913332233846316
1544,0.06823093152752269
1545,0.428580252927195
1546,0.08143793726757463
1547,0.08141745605840023
1548,0.07322021798286567
1549,0.027469229002919645
1550,0.00669204050358127
1551,0.026418233082342053
1552,0.08566973374434864
1553,0.028575913434184044
1554,0.11186434292649727
1555,0.09871602924033146
1556,0.001210611482338908
1557,0.03833024182917631
1558,0.08098607474626693
1559,0.13660163695686534
1560,0.03620773449810758
1561,0.014616808594294116
1562,0.001034976127874234
1563,0.6207261925060399
1564,0.05927282060846578
1565,0.5039083303980502
1566,0.06348463688629752
1567,0.054150118940036844
1568,0.0247834412065141
1569,0.04942188290607227
1570,0.06034666697865958
1571,0.024733009407030996
1572,0.07246354927797312
1573,0.06833083371778159
1574,0.07268769650611033
1575,0.6058364303589423
1576,0.061505624106261064
1577,0.3218810898038842
1578,0.03010807795213688
1579,0.06185953975353064
1580,0.15077252920492645
1581,0.12439060170767517
1582,0.0860228942170121
1583,0.008557795884691063
1584,0.049217489672376054
1585,0.14857489487729936
1586,0.06187933012199214
1587,0.0626813776265524
1588,0.1626386131744764
1589,0.07046761086036324
1590,0.029642270651589402
1591,0.07528387513315603
1592,0.07578900405027165
1593,0.01567909659721838
1594,0.7339509030234185
1595,0.3935086041185836
1596,0.06369308367317228
1597,0.006722898885678535
1598,0.7379580786425334
1599,0.14791315808802413
1600,0.08765435823471131
1601,0.033520450692527785
1602,0.061445827289678706
1603,0.06383447418743317
1604,0.638553970797124
1605,0.025626337634598737
1606,0.0010725508481623485
1607,0.13764012382873528
1608,0.0010973625256878285
1609,0.7982315299255538
1610,0.6780888690107325
1611,0.45718225348209396
1612,0.09042398189428377
1613,0.07442779579907569
1614,0.07499026894864189
1615,0.02146092172446078
1616,0.09331457309351174
1617,0.2669877779383418
1618,0.06393582044601659
1619,0.46473351858316997
1620,0.07009327625817614
1621,0.13156089879637337
1622,0.23505214878627861
1623,0.030949933254753276
1624,0.6114847720255197
1625,0.07227306475459423
1626,0.06009991442913683
1627,0.11049777574013811
1628,0.0582489352070836
1629,0.02291045211675088
1630,0.024322589088786338
1631,0.3539933441495805
1632,0.023377439124898036
1633,0.7144115765352753
1634,0.02501534068330886
1635,0.1337031776810249
1636,0.008868254672890482
1637,0.17687634349123768
1638,0.4774381546672678
1639,0.10617560354686213
1640,0.09062363763872308
1641,0.9608990635448126
1642,0.02516840707543439
1643,0.06059748810374827
1644,0.03137494017659766
1645,0.026358929485014445
1646,0.0010973625256878285
1647,0.24348540769628188
1648,0.040534491193885136
1649,0.7467708887749875
1650,0.02570755195547327
1651,0.06598532803709355
1652,0.027769229179325883
1653,0.1503504617405076
1654,0.00265366543116308
1655,0.45750476276422053
1656,0.025714157859902304
1657,0.005115457101073201
1658,0.0010973625256878285
1659,0.051410455338079926
1660,0.061574315833028234
1661,0.06745397628855654
1662,0.08559912301392948
1663,0.1532823669947625
1664,0.920810875167699
1665,0.05140361043847684
1666,0.0006981734052539044
1667,0.09686510315043978
1668,0.06014324421334508
1669,0.00030229445154633715
1670,0.022515084651657222
1671,0.6394277869454347
1672,0.37547591842969397
1673,0.1628724264827089
1674,0.5066304954680678
1675,0.028912034756596202
1676,0.052533756780388526
1677,0.201605302703527
1678,0.004654209459333562
1679,0.05475538508236782
1680,0.12959714371836834
1681,0.06205839937475478
1682,0.6677822625980571
1683,0.01034185393803614
1684,0.06180645470536762
1685,0.04874717217688668
1686,0.473982615460699
1687,0.07746634647175857
1688,0.46563896314654596
1689,0.04817439827438675
1690,0.05386085390884828
1691,0.06021018054050356
1692,0.053329208193884814
1693,0.12469443006913228
1694,0.0747133822007578
1695,0.735513232963121
1696,0.01022396926861807
1697,0.7463549814062083
1698,0.21821483777590572
1699,0.024082010282264282
1700,0.0648997683704497
1701,0.14245582449176797
1702,0.07500272819409509
1703,0.908384330527407
1704,0.027304223375148446
1705,0.02305169910625046
1706,0.06934647205910001
1707,0.5896984609847492
1708,0.10868763614300575
1709,0.012654208614649028
1710,0.02110043350086366
1711,0.036789350148610525
1712,0.3729496500882255
1713,0.23346815580710376
1714,0.02438813540920765
1715,0.00030229445154633715
1716,0.799232892610576
1717,0.10633351219304936
1718,0.3460844554135264
1719,0.5072626830932041
1720,0.032092021177028286
1721,0.47932361713959615
1722,0.04631965953126394
1723,0.0044025167719775726
1724,0.32732366167925336
1725,0.08075520403036936
1726,0.46703619061771195
1727,0.06865021720129227
1728,0.6029699983412807
1729,0.00265366543116308
1730,0.07002355840974481
1731,0.012977322523999607
1732,0.09246385275318977
1733,0.1327465027389353
1734,0.00030229445154633715
1735,0.7944093752705618
1736,0.0664895884790748
1737,0.0010643536496225381
1738,0.20120576745296725
1739,0.6852079269226232
1740,0.10083332951567772
1741,0.006748722135058358
1742,0.05776723606672027
1743,0.13251528978938576
1744,0.002338431846994702
1745,0.6211518659137639
1746,0.03695514741398164
1747,0.028636911898788284
1748,0.0129712188061892
1749,0.09744458518821504
1750,0.07992043983123819
1751,0.07133370027481652
1752,0.023814758691955883
1753,0.14071098781062627
1754,0.011764315284980576
1755,0.5041915606739406
1756,0.018478101077708874
1757,0.12679350230610126
1758,0.06558240160917356
1759,0.7899479603535804
1760,0.060935405948159035
1761,0.36818279833818374
1762,0.06448882698213279
1763,0.4828722949077221
1764,0.052008820959454985
1765,0.1142870382739573
1766,0.1797290024483687
1767,0.339363265056688
1768,0.6429868953953186
1769,0.10884838183303616
1770,0.5508471303190097
1771,0.0010643536496225381
1772,0.024380971148488965
1773,0.06122083909778846
1774,0.03319452225940528
1775,0.13404367624390218
1776,0.0706001029961252
1777,0.006746135383144825
1778,0.6500182329646191
1779,0.5159147135664145
1780,0.02676174002357958
1781,0.0027269501004960513
1782,0.08341245194825343
1783,0.05402280057686913
1784,0.11815720058121915
1785,0.08881648119132554
1786,0.4036814702330147
1787,0.08401624488832125
1788,0.05992038958288079
1789,0.08081259967486976
1790,0.34249902620655803
1791,0.08040067606287038
1792,0.0010973625256878285
1793,0.22201143563124473
1794,0.7979702750723577
1795,0.00030229445154633715
1796,0.0282963116237695
1797,0.0826896486353729
1798,0.6671851062666391
1799,0.055135341764294084
1800,0.19402293230788656
1801,0.05908694031974952
1802,0.015139359728069603
1803,0.02340803458946809
1804,0.06039188807258775
1805,0.025317142949374767
1806,0.7201954753128186
1807,0.22307601975102934
1808,0.07005623398245536
1809,0.09752861633601032
1810,0.025132948831573215
1811,0.08953197219384725
1812,0.9093264063172696
1813,0.9472036082779629
1814,0.08415727041860376
1815,0.12697144441552893
1816,0.03758740015121556
1817,0.08398869896424219
1818,0.3886033604922576
1819,0.5654259497528745
1820,0.026051972746876522
1821,0.002320713603347228
1822,0.24013508531942265
1823,0.10212098473774082
1824,0.0002923360789950273
1825,0.00030229445154633715
1826,0.783434039347171
1827,0.34627475844573385
1828,0.0002674864344259079
1829,0.06824489197388464
1830,0.0006981734052539044
1831,0.023805929130407872
1832,0.5656022384089058
1833,0.18385449423562594
1834,0.062092671256464754
1835,0.0010973625256878285
1836,0.036029817220366876
1837,0.022669816457120143
1838,0.031522189306345906
1839,0.6248152527452927
1840,0.05463102593398736
1841,0.03156253322994738
1842,0.8442714599599581
1843,0.08275560540715889
1844,0.23169512914006316
1845,0.02422888813496838
1846,0.06051078364229275
1847,0.06017131184289079
1848,0.09946932658336764
1849,0.32306877342568824
1850,0.10232219660898702
